{
    "sections": {
        "sidebar": {
            "userPic": "./images/userpic.jpg",
            "username": "Alexander Tereshenko",
            "startPage": "#/",
            "userDescription": [
                "Hello! I am Web Developer who likes to complex projects, beautiful and clear code. I work with PHP, JS, Backbone, React."
            ],
            "mainMenu": [
                {
                    "name": "About Me",
                    "link": "#/about",
                    "visible": true
                },
                {
                    "name": "Contacts",
                    "link": "#/contacts",
                    "visible": true
                }
            ],
            "socialMenu": [
                {
                    "id": "vk",
                    "name": "VK",
                    "link": "https://vk.com/id194946947"
                },
                {
                    "id": "gh",
                    "name": "Github",
                    "link": "https://github.com/teralex"
                }
            ]
        },
        "about": {
            "pageHeader": "About Me",
            "pageDescription": [
            ],
            "resume": [
                {
                    "name": "Education",
                    "description": [
                        "<b>V. N. Karazin Kharkiv National University</b>, Kharkiv, Ukraine.",
                        "Student.",
                        "Present time."
                    ],
                    "firstColumn": true
                },
                {
                    "name": "Employment History",
                    "description": [],
                    "firstColumn": true,
                    "miscLangs": {
                        "duties": "Personal duties"
                    },
                    "employments": [
                        {
                            "company": {
                                "name": "Gameloft.",
                                "city": "Kharkiv",
                                "country": "Ukraine",
                                "position": "e-Commerce PHP Developer",
                                "dateFrom": "September 2014",
                                "dateTill": "Present time"
                            },
                            "duties": [
                                "Design and development of e-Commerce projects and sales sites",
                                "HTML/PML/OML/PHP/JS codding",
                                "Experience with Python and Ruby (simple tasks)",
                                "Code refactoring",
                                "Support of existing projects",
                                "Creation of user and technical documentation for partners",
                                "Creation of documentation for inner development tools"
                            ]
                        },
                        {
                            "company": {
                                "name": "Web Ukraine.",
                                "city": "Kharkiv",
                                "country": "Ukraine",
                                "position": "Markup Developer",
                                "dateFrom": "June 2014",
                                "dateTill": "September 2014"
                            },
                            "duties": [
                                "HTML codding",
                                "PHP codding",
                                "Development of Parsers for some web catalogues"
                            ]
                        }
                    ]
                },
                {
                    "name": "Professional Skills",
                    "description": [],
                    "secondColumn": true,
                    "miscLangs": {
                        "generalSkills": "General Skills",
                        "additionalSkills": "Additional Skills"
                    },
                    "generalSkills": [
                        {
                            "name": "HTML",
                            "level": "Advanced",
                            "stars": "good"
                        },
                        {
                            "name": "PHP",
                            "level": "Advanced",
                            "stars": "good"
                        },
                        {
                            "name": "Javascript",
                            "level": "Pre-Intermediate",
                            "stars": "low"
                        },
                        {
                            "name": "CSS",
                            "level": "Advanced",
                            "stars": "good"
                        },
                        {
                            "name": "BackboneJS",
                            "level": "Pre-Intermediate",
                            "stars": "low"
                        },
                        {
                            "name": "Responsive Design",
                            "level": "Pre-Intermediate",
                            "stars": "low"
                        },
                        {
                            "name": "REST",
                            "level": "Intermediate",
                            "stars": "normal"
                        }
                    ],
                    "subSkills": [
                        "Git",
                        "SVN",
                        "Linux",
                        "Windows",
                        "Ruby",
                        "Python"
                    ]
                },
                {
                    "name": "Hobbies & Interests",
                    "description": [
                        "I like play guitar and sign, read good books(fantasy/science/historical) ."
                    ],
                    "secondColumn": true
                },
                {
                    "name": "Languages",
                    "description": [],
                    "secondColumn": true,
                    "langs": [
                        {
                            "name": "English",
                            "level": "Intermediate"
                        },
                        {
                            "name": "Russian",
                            "level": "Native"
                        },
                        {
                            "name": "Ukrainian",
                            "level": "Fluent"
                        }
                    ]
                }
            ]
        },
        "contacts": {
            "pageHeader": "Contacts",
            "pageDescription": [],
            "contactsList": [
                {
                    "name": "E-mail",
                    "data": "teralex39@gmail.com"
                },
                {
                    "name": "Github",
                    "data": "github.com/teralex"
                }
            ]
        }
    }
}